id,item,category,serial,status,location,purchased,price,seller,notes
EQ_001,Camera body,camera,,active,studio,,,,model + serial to add
EQ_002,Camera body (backup),camera,,active,studio,,,,model + serial to add
EQ_003,LED light panel,lighting,,active,studio,,,,
EQ_004,OBS studio broadcast rig,broadcast,,active,studio,,,,PC + capture + stream chain
EQ_005,Canon R8 Camera EOS Mirrorless camera,lens,(286290342415) active studio 9 Jun 2025 1273.00 mh-fulfillment,,,,,,,,REVIEW - could not split, check by hand
EQ_006,SanDisk Extreme PRO SD UHS-II USB-C Card Reader,rigging,,studio,2025-08-03,19.36,Amazon EU S.à r.l.,UK Branch,
EQ_007,Wireless Earbuds,audio,,active,studio,2022-11-27,17.59,BINCAO LTD,no serial
EQ_008,item,category,serial,status,location,purchased,price,seller,notes
EQ_009,mouse,computer,,active,studio,2022-11-28,6.99,shenzhenshijukesihengshangmaoyouxiangongsi,
EQ_010,item,category,serial,status,location,purchased,price,seller,notes
EQ_011,item,category,serial,status,location,purchased,price,seller,notes
EQ_012,ASUS Vivobook 15 X515JA 15.6" Full HD Laptop,computer,,active,studio,2022-11-18,229.99,Amazon EU S.à r.l., UK Branch,
EQ_013,item,category,serial,status,location,purchased,price,seller,notes
EQ_014,Pedal Power Supply Adapter DPA-1, Donner 9V DC 1A Tip Negative 5 Way,audio,,active,studio,2022-11-11,12.49,Guangzhou Xutuo Shangmao Youxian Gongsi,
EQ_015,FIDECO Docking Station,computer,,active,studio,2022-09-14,34.99,Shenzhenshishangyunjikejiyouxiangongsi,
EQ_016,ATUMTEK Camera Remote Shutter for iPhone and Android Smartphones (2 Pack), Wireless Phone Remote Control Selfie Button for Photos and Videos (Bluetooth 5.2), Wrist Strap Included,camera,,active,studio,2023-11-23,6.39,Lonslife HK Limited,
EQ_017,item,category,serial,status,location,purchased,price,seller,notes
EQ_018,tripod mount holder adapter bracket for ring light smartphone clamp for iphone samsung 360 degree rotation,other,,active,studio,2022-05-10,5.99,SellerX One Ltd ASIN: B07DZHXPL6,
EQ_019,item,category,serial,status,location,purchased,price,seller,notes
EQ_020,USB 3.0 A-Male to A-Female Extension Cable 3 m,computer,,active,studio,2022-04-26,6.30,Amazon EU S.à r.l. - UK Branch  Extension Cable 3 m,
EQ_021,item,category,serial,status,location,purchased,price,seller,notes
EQ_022,item,category,serial,status,location,purchased,price,seller,notes
EQ_023,item,category,serial,status,location,purchased,price,seller,notes
EQ_024,sourcing map,camera,,active,studio,2022-04-03,8.99,Ad Fontes Company Limited 150mm x 25mm 320 Grit Non-Woven Po,lishing Burnishing Wheel Nylon Wire Drawing Abrasive Flap Wheel for Stainless Steel Copper Red
EQ_025,item,Rfvtgb 5Pcs 4 Inch Nylon Fiber Flap Disc Polishing Grinding Wheel,Scouring Pad Buffing Wheel for Angle Grinder | B095HRBQWQ category,other serial,status,location,purchased,price,seller,notes
EQ_026,item,Safekom Premium Quality 3M USB 2.0 A Male to A Female Extension Cable,computer,,studio,2021-10-07,2.39,PC Supplies Limited,
EQ_027,item,category,serial,status,location,purchased,price,seller,notes
EQ_028,AIEVE USB 3.0 to HDMI Adapter, USB to HDMI Adapter HD 1080P Video Audio Graphics Multi Monitor Converter Adaptor with Type C Adapter for Windows 10/8.1/8/7/XP Compatible with Laptop,HDTV,PC,Projector,computer,,active,studio,2021-10-06,12.99,GuangZhou Hui Cheng Dian Zi Shang Wu You Xian Gong Si,
EQ_029,cable,other,,active,studio,2021-10-07,3.99,Rhinocables Limited,,
EQ_030,ARKTEK USB-C Adapter - USB A 3.0 (Male) to USB Type C (Female),computer,,active,studio,2021-10-06,4.19,ShenzhenShiHeshenghuiDianZiShangWuYouXianGongSi,
EQ_031,item,category,serial,status,location,purchased,price,seller,notes
EQ_032,cable,other,,active,studio,2021-05-22,3.79,Rhinocables Limited,,
EQ_033,Maxesla Wifi Dongle for PC Ultra Speed AC1300Mbps USB Wifi Adapter High Gain Dual Band 2.4&5GHz Internet Dongle USB Wifi Dongle for PC Desktop Laptop Powerful PC Wifi Adapter for Windows 7 10 XP Mac,computer,,active,studio,2021-05-22,10.55,Amazon Services Europe S.à r.l.,
EQ_034,item,lens,serial,status,location,purchased,price,seller,notes
EQ_035,ABLEWE USB 3.0 Switch,computer,,active,studio,2021-05-20,19.99,shenzhenshihenghongxingkejiyouxiangongsi,
EQ_036,item,category,serial,status,location,purchased,price,seller,notes
EQ_037,item,category,serial,status,location,purchased,price,seller,notes
EQ_038,item,category,serial,status,location,purchased,price,seller,notes
EQ_039,ZSooner Mini Power Amplifier DC 12V 400W High Power Home Audio Stereo Hi-Fi Power Amplifier for Speaker PC TV Cell Phone Car Vehicle,audio,,active,studio,2021-05-02,13.19,NeiJiangWuJiangDianZiShangWuYouXianGongSi,
EQ_040,microphone cable,audio,,active,studio,2020-08-21,5.75,Amazon EU S.à r.l.,UK Branch
EQ_041,RCA Connector,audio,,active,studio,2020-04-11,5.99,Shenzhenyubolaishangmaoyouxiangongsi RCA Connector Yilan 10,Pack Phono RCA Male Plug to AV Screw Terminal
EQ_042,RCA Connector Yilan Audio RCA Connector Adapter for CCTV Security Camera System active studio 2020-04-11 5.99 Shenzhenyubolaishangmaoyouxiangongsi,,,,,,,,REVIEW - could not split, check by hand
EQ_043,microphone cable,other,,active,studio,2020-08-21,5.75,Amazon EU S.à r.l.,UK Branch,
EQ_044,audio Stagg S-Series Deluxe Audio Cable - 6m (20ft) Jack to M XLR  active studio 2020-08-20 6.41 Amazon EU S.à r.l., UK Branch,,,,,,,,REVIEW - could not split, check by hand
EQ_045,lighting,lighting, ,active,studio,2024-11-04,28.99,Amazon EU S.à r.l.,UK Branch,
EQ_046,TILTA Expandable Handle Base Accessory Mounting Bracket for DJI RS2,rigging,,active,studio,2024-10-04,23.00,Shenzhenshi Tietoukeji Youxiangongsi,
EQ_047,item,category,serial,status,location,purchased,price,seller,notes
EQ_048,item,Duttek Type C (USB C) Male to Mini USB 5-Pin Male On-the-go Data Convertor Adapter USB C to MiNi B with OTG Cable for Macbook, iMac Pro, Chromebook Pixel(Grey & Black) (10 inch /25 cm),category,other,serial,,status,active,location,studio,purchased,2024-09-24,price,8.99,seller,Shen zhen shi Wei luo hua dian zi you xian gong si,notes,
EQ_049,Panasonic eneloop SmartPlus charger   other   status   studio   2023-10-11   27.99   Amazon EU S.à r.l., UK Branch   charger for batteries,,,,,,,,REVIEW - could not split, check by hand
EQ_050,item,category,serial,status,location,purchased,price,seller,notes
EQ_051,item,category,serial,status,location,purchased,price,seller,notes
EQ_052,item DRUT 2m 3 Pin XLR Male to 3.5mm Stereo Jack Microphone, Audio Recording Lead Cable 6.5ft category audio serial status active location studio purchased 2024-08-21 price 7.99 seller DRUT LIMITED notes,,,,,,,,REVIEW - could not split, check by hand
EQ_053,item,category,serial,status,location,purchased,price,seller,notes
EQ_054,item lens category lens serial status active location studio purchased 2024-08-15 price 12.49 seller Dongguan Shi SheCai Mao Yi You Xian Gong Si notes,,,,,,,,REVIEW - could not split, check by hand
EQ_055,NEEWER RS4 RS3 Neck Strap with Two NATO Rails & 1/4" D Rings for DJI,camera,,active,studio,2024-08-14,11.24,shenzhenshiyulonglongdianzikejiyouxiangongsi,
EQ_056,DJI R Phone Holder,rigging,,active,studio,2024-08-11,39.00,Amazon EU S.à r.l. UK Branch,
EQ_057,ENEGON Replacement Battery (2-Pack) and Rapid Dual Charger for Canon LP-E8 and Canon EOS Rebel T2i, T3i, T4i, T5i, EOS 550D, 600D, 650D, 700D, Kiss X4, X5, X6, LC-E8E Digital Camera camera active studio 2024-08-11 19.79 TIFFANY MOORE LTD
EQ_058,item,category,serial,status,location,purchased,price,seller,notes
EQ_059,item,Cubilux Wind Muff (Dead cat) for lavalier Lapel Microphone, Outdoor Furry Windscreen for Mini Clip-On MIC, 6-Pack category,other serial,status,location,purchased,price,seller,notes
EQ_060,item,lens,category,serial,status,location,purchased,price,seller,notes
EQ_061,tripod camera studio active 2024-07-10 43.99 Amazon Services Europe S.a.r.l. NEEWER TL253A+DS001 Table Camera Tripod with 2 Telescopic Arms, Phone Holder, Ball Heads, Screw Adapter, Table Light Stand for Camera, Mobile Phone, Webcam, Ring Light,,,,,,,,REVIEW - could not split, check by hand
EQ_062,NEEWER Arca Type Quick Release Plate Compatible with DJI RS2 RSC2 RS3 PRO Gimbal Stabilizer, Dual Anti Drop Camera Mounting Baseplate with 1/4" Countersinks for Left/Right/Front/Back Adjustment, QR013,camera,,active,studio,2024-07-06,16.99,shenzhenshiruihongtaokejiyouxiangongsi   NEEWER Arca Type Qu,ick Release Plate Compatible with DJI RS2 RSC2 RS3 PRO Gimbal Stabilizer, Dual Anti Drop Camera Mounting Baseplate with 1/4" Countersinks for Left/Right/Front/Back Adjustment, QR013 | B0CLTQ9GXL
EQ_063,item,category,serial,status,location,purchased,price,seller,notes
EQ_064,Neewer F100 7 Inch Camera Field Monitor HD Video Assist Slim IPS 1280x800 HDMI Input 1080p with 2600mAh Li-ion Battery/USB Charger，Carrying Case for DSLR Cameras, Stabilizer, Film Video Making Rigging studio active 2024-06-29 158.99 shenzhenlixinshunyikejiyouxiangongsi,,,,,,,,REVIEW - could not split, check by hand
EQ_065,item,category,serial,status,location,purchased,price,seller,notes
EQ_066,Guitar Wireless System 2.4GHz with 6 Channels Rechargeable Audio Wireless Guitar Transmitter Receiver for Guitar Bass Electric Instruments(black),audio,,active,studio,2024-06-13,29.99,ShenZhenShiQiLeChuangKeJiYouXianGongSi,
EQ_067,Kalawen Professional Lavalier Microphone 2 Pack,audio,,active,studio,2024-04-19,15.99,QUEENSWELL GLOBAL CO., LIMITED,
EQ_068,EDIMENS Office Chair Wheels Caster Replacement for Rubber Office Chair,other,,active,studio,2024-03-12,15.99,suiningyixuanbaodianzishangwuyouxiangongsi,
EQ_069,,camera,,active,studio,2024-02-29,5.99,Shenzhen Chuangheng Tiancheng Technology Company Limited Hot,Shoe Mount to 1/4"-20 Tripod Screw Adapter,Flash Shoe Mount for DSLR Camera Rig (Pack of 2) | B01KFUBALM
EQ_070,SMALLRIG M50 / M50 II / M5 Cage,rigging,,studio,2024-02-27,59.90,ShenZhenShiQiLeChuangKeJiYouXianGongSi,,,,,,,,,REVIEW - could not split, check by hand
EQ_071,tripod,mounting,active,studio,2023-09-04,19.99,Saints Retail Ltd,ULANZI ll065 Metal Phone Tripod Mount with Hot Shoe Mount Smartphone Video Rig Tripod Mount Adapter,,,,,,,,REVIEW - could not split, check by hand
EQ_072,SMALLRIG M50 / M50 II / M5 Cage, Camera Cage with Integrated Grip and NATO Rail, Aluminum Alloy Video Film Movie Making Rig for Canon M50 / M50 Mark II / M5-2168C,rigging,,active,studio,2024-02-27,59.90,Shenzhenshi Xingqier Dianzi Shangwu Youxiangon,
EQ_073,SMALLRIG M50 / M50 II / M5 Cage, Camera Cage with Integrated Grip and NATO Rail, Aluminum Alloy Video Film Movie Making Rig for Canon M50 / M50 Mark II / M5-2168C,rigging,active,studio,2024-02-27,59.90,ShenZhenShiQiLeChuangKeJiYouXianGongSi,Amazon purchase
EQ_074,item,category,serial,status,location,purchased,price,seller,notes
EQ_075,lighting,lighting,,active,studio,2024-02-25,10.79,Shenzhenshi Aiweite Keji Youxian Gongsi,15 Pieces 1/4" 3/8" Light Stand Adapter, Tripod Screw Adapter Converter for DSLR Camera Tripod, Shoulder Rig, Flash Light Stand, Camera Cage, Lighting Equipment, LED Panel, GoPro Tripod Mount | B0939SLZHF
EQ_076,Shoulder Rig Kit for DSLR Cameras and Camcorders, Movie Video Film Making System with Matte Box, Follow Focus, C-Shaped Bracket, 15mm Rods, Handgrip, 1/4” & 3/8” Threads (Blue + Black),rigging,,active,studio,2024-02-19,162.99,yueyangshihaolanwangluokejiyouxiangongsi,
EQ_077,MoKo Universal Case for 9" - 11" iPad/iPad Air/iPad Pro/Samsung Galaxy Tab/Lenovo Tab/Fire HD Tablet, Slim 360 Degree Rotatable Back Cover Folio Case, with Stand & Side Pocket, Black other,active,studio,2024-01-15,14.95,Dongguanshi Zhibai Dianzishangwu Youxiangongsi,
EQ_078,audio,Audio Patch Cable 1.5m, ,active,studio,2025-12-31,15.99,LS Audio Tech Ltd,
EQ_079,LABCOOL Heated Gilet Men Women - Heated Vest with Dual-Comfort Fleece - USB Powered 6-Zone Heating & 3 Heat Settings - 10000mAh Power Bank - Machine Washable - Ideal for Outdoor,audio,,active,studio,2025-12-31,49.99,haerbintanzhekejiyouxiangongsi,
EQ_080,audio M-AUDIO BX3BT Pair 3.5" Studio Monitors and PC Speakers with Bluetooth active studio 2025-12-27 83.28 Amazon EU S.à r.l., UK Branch,,,,,,,,REVIEW - could not split, check by hand
EQ_081,item,category,serial,status,location,purchased,price,seller,notes
EQ_082,ULANZI PT-8 Vlog Cold Shoe Extension Adapter Bracket with Cold Shoe and 1/4" Tripod Mount for Additional Vlogging Accessories, Black,other,active,studio,2023-09-04,5.99,Pexa Distribution Limited,
EQ_083,Arturia MiniFuse 4 Black USB-Audio Interface,computer,,active,studio,2025-12-16,166.00,Bop Trading Ltd,
EQ_084,tripod,rigging,,active,studio,2025-12-16,39.09,Amazon EU S.à r.l., UK Branch NEEWER Photography Tripod Doll,y Heavy Duty 50lbs Capacity Tripod Wheels with 3 inch Rubber Wheels Adjustable Leg Mount and Carry Bag for Canon Nikon Sony DSLR Cameras Camcorder Photo Video Lighting
EQ_085,Pocket Mini Tripod,camera,,active,studio,2025-11-17,7.59,Shen Zhen Shi Yin Si Heng Ke Ji You Xian Gong Si,
EQ_086,Elgato Stream Deck XL - Advanced Studio Controller, 32 macro keys, trigger actions in apps and software like OBS, Twitch, YouTube and more, works with Mac and PC,computer,,active,studio,2025-11-14,229.00,Amazon EU S.à r.l., UK Branch,
EQ_087,WHW3WIN LED Desk Lamp with Clamp - Flexible Gooseneck - 5 Lighting Modes, 11 Brightness Levels, Timer & Memory, Eye-Comfort Study/Nail Light, 12W Adapter Included - Black,lighting,,active,studio,2025-11-08,16.99,VIRTUAL WORKS 360 LTD,
EQ_088,VEDINDUST HDMII Splitter Extend 4K@60Hz HDMI to Dual HDMI Adapter,computer,,studio,2025-11-03,29.99,shenzhenshichangmeishitingkejiyouxiangongsi,,,,,,,,,REVIEW - could not split, check by hand
EQ_089,item,category,serial,status,location,purchased,price,seller,notes
EQ_090,Ubluker 10K 8K 4K DisplayPort 2.1 Cable 54Gbps 1.5M, VESA Certified DP to DP Cable 4K 240Hz 165Hz 144Hz 120Hz 10K 8K 60Hz Nylon Braided UHBR HDCP2.3 FreeSync G-Sync RTX5090 Gaming Monitor PC Projector,other,,active,studio,2025-10-22,8.99,yiwu weidu dianzi shangwu youxiangongsi,
EQ_091,item,category,serial,status,location,purchased,price,seller,notes
EQ_092,item,category,serial,status,location,purchased,price,seller,notes
EQ_093,FeiyuTech SCORP Mini 4 in 1 Gimbal,gimbal,active,studio,2023-08-11,259.00,Shenzhen Jingzejia Keji Youxiangongsi,none,,,,,,,,REVIEW - could not split, check by hand
EQ_094,tripod,rigging,,active,studio,2025-10-03,27.99,Shenzhenshi Xingqier Dianzi Shangwu Youxiangongsi,K&F CONCEPT Mini Desktop Tripod for Camera, 24.8'' Tabletop Cellphone Video Tripods with Remote Control, Compact Travel Tripod for DSLR Cameras Camcorder Phone Spotting Scope S233A0
EQ_095,tripod,rigging,,active,studio,2025-10-03,27.99,Shenzhenshi Xingqier Dianzi Shangwu Youxiangongsi,K&F CONCEPT Mini Desktop Tripod for Camera, 24.8'' Tabletop Cellphone Video Tripods with Remote Control, Compact Travel Tripod for DSLR Cameras Camcorder Phone Spotting Scope S233A0
EQ_096,Docking Station,computer,,active,studio,2025-09-21,28.89,Shenzhenshi Yingdingsheng Technology Co.,Ltd,
EQ_097,VCELINK Mini HDMI to HDMI Adapter 8K@60Hz/4K@120Hz Male to Female Standard HDMI 2.1 Connector, Gold Plated 18cm High-Speed Conversion Cable CEC ARC HDCP for Camera, Raspberry Pi, Tablets, Monitor,computer,,active,studio,2025-09-20,6.32,Amazon EU S.a.r.l.,
EQ_098,VCELINK Mini HDMI to HDMI Adapter 8K@60Hz/4K@120Hz Male to Female Standard HDMI 2.1 Connector, Gold Plated 18cm High-Speed Conversion Cable CEC ARC HDCP for Camera, Raspberry Pi, Tablets, Monitor,computer,,active,studio,2025-09-20,7.59,Hangzhou Hongjie Guangdian Shebei Youxian Gongsi,
EQ_099,item,category,serial,status,location,purchased,price,seller,notes
EQ_100,Elgato Cam Link 4K,camera,,active,studio,2025-09-21,91.96,Amazon EU S.à r.l. - UK Branch External capture card for DSL,R & Camcorder
EQ_101,QTX|PAR36lamp|screw6.4V30WSP,lighting,,active,studio,2025-09-13,9.57,AmazonEU Sàrl no notes,
EQ_102,NEEWER RT113 Remote Control for NEEWER Teleprompter App,Upgraded with Direct Bluetooth Connection and Silent Button, Compatible with iOS Android Smartphone & Tablet for X17 II/X16/X12/X14 etc remote control computer studio active 2025-08-30 21.49 shenzhenshiqihuichangkejiyouxiangongsi,,,,,,,,REVIEW - could not split, check by hand
EQ_103,item,category,serial,status,location,purchased,price,seller,notes
EQ_104,SanDisk Extreme PRO SD UHS-II USB-C Card Reader,rigging,,studio,2025-08-03,19.36,Amazon EU S.à r.l.,UK Branch,,,,,,,,REVIEW - could not split, check by hand
EQ_105,NEEWER Mini V Mount Battery PS099EP 6800mAh 14.5V V Lock Battery with 100W PD Fast Charging Dual USB C/D Tap/BP/USB A/Dual DC Ports/OLED Screen Compatible with BMPCC 4k 6k Camcorder Camera,broadcast,,studio,2025-07-19,106.87,shenzhenshiruihongtaokejiyouxiangongsi,,
EQ_106,Alvin’s Cables 8K 2.1 Micro-HDMI to HDMI Braided Coiled-Cable for Atomos-Ninja-V 4K-60P Record 48Gbps HDMI for Canon-R5C| R5| R6| audio 2025-07-17 21.99 shenzhenshiaerwenkejiyouxiangongsi,,,,,,,,REVIEW - could not split, check by hand
EQ_107,item,category,serial,status,location,purchased,price,seller,notes
EQ_108,NEEWER 15mm LWS Baseplate with Arca Type QR Plate & Base, 15mm Rod Clamps, Retractable Anti Off Pin Compatible with DJI Compatible with SmallRig Shoulder Rig, SR015,rigging,,active,studio,2025-07-16,35.82,Amazon EU S.à r.l. No notes,
EQ_109,NEEWER 15mm LWS Baseplate with Arca Type QR Plate & Base, 15mm Rod Clamps, Retractable Anti Off Pin Compatible with DJI Compatible with SmallRig Shoulder Rig, SR015,rigging,,active,studio,2025-07-16,35.82,Amazon EU S.à r.l.,
EQ_110,NEEWER 15mm LWS Baseplate with Arca Type QR Plate & Base, 15mm Rod Clamps, Retractable Anti Off Pin Compatible with DJI Compatible with SmallRig Shoulder Rig, SR015,rigging,,active,studio,2025-07-16,35.82,chengdushishiqiaoshangkejiyouxiangongsi,
EQ_111,NEEWER Matte Box Support, LWS 15mm Dual Rod Clamps with 1/4" Screw & 0.9"/22mm Vertical Adjustment, Compatible with SmallRig NEEWER Mini Matte Boxes, PG013,rigging,,active,studio,2025-07-16,29.49,chengdushishiqiaoshangkejiyouxiangongsi,
EQ_112,58mm Lens Hood,Fotover Universal Tulip Flower Lens Hood Sun Shade with Centre Pinch Lens Cap for Canon Nikon Sony Pentax Olympus Fuji Camera lens,other,,active,studio,2025-07-13,6.66,Shenzhenshi Xinguangjiao Keji Youxian Gongsi,
EQ_113,58mm Lens Hood,Fotover Universal Tulip Flower Lens Hood Sun Shade with Centre Pinch Lens Cap for Canon Nikon Sony Pentax Olympus Fuji Camera lens,other,,active,studio,2025-07-13,6.66,Shenzhenshi Xinguangjiao Keji Youxian Gongsi,
EQ_114,58mm Lens Hood,lens,,active,studio,2025-07-13,7.99,Shenzhenshi Xinguangjiao Keji Youxian Gongsi,
EQ_115,NEEWER NP-F Battery Adapter Plate for DSLR & Mirrorless Cameras, with LED Power Indicators, 12V DC 5.5x2.5mm Male and 7.4V DC 5.5x2.1mm Male Outputs, Compatible with Sony NP-F Batteries, PS004E,camera,,active,studio,2025-07-12,31.99,shenzhenshiruihongtaokejiyouxiangongsi,
EQ_116,ND Filter,camera,,active,studio,2025-07-11,48.99,shenzhenshiruihongtaokejiyouxiangongsi NEEWER 2pcs ND0.9/1.8,(3/6 Stops) Square ND Filter, 4 x 5.65 Inches
EQ_117,Neewer Foldable Lightweight V Mount Battery Plate with Arca Type QR Plate Detachable Baseplate Compatible with SmallRig Camera Cage Video Rig DJI RS4 RS3 Gimbal PS015 PRO,rigging,,active,studio,2025-07-11,69.99,shenzhenyinyukejiyouxiangongsi,
EQ_118,Neewer Foldable Lightweight V Mount Battery Plate with Arca Type QR Plate Detachable Baseplate Compatible with SmallRig Camera Cage Video Rig DJI RS4 RS3 Gimbal, PS015 PRO,rigging,,active,studio,2025-07-11,69.99,Shenzhenshi Xinguangjiao Keji Youxian Gongsi,
EQ_119,Blukar LED Torch Rechargeable lighting active studio 09.07.2025 6.99 Blufits Sports Limited 4 Lighting Modes Long Battery Life Waterproof Pocket Size,,,,,,,,REVIEW - could not split, check by hand
EQ_120,item,lens,serial,status,location,purchased,price,seller,notes
EQ_121,NEEWER Mini Follow Focus with A/B Stops Lens Sprocket 15 mm Rod Rod Clamp for Film Camera DSLR/Mirrorless Camera Compatible with Lens Diameter up to 114 mm PG001 (Silver),rigging,,active,studio,2025-07-03,66.99,shenzhenshiruihongtaokejiyouxiangongsi,
EQ_122,NEEWER Mini Follow Focus with A/B Stops,rigging,,active,studio,2025-07-03,66.99,Amazon EU S.a.r.L.  NEEWER Mini Follow Focus with A/B Stops,,Lens Sprocket, 15 mm Rod & Rod Clamp for Film Camera, DSLR/Mirrorless Camera, Compatible with Lens Diameter up to 114 mm, PG001 (Silver) | B0BLNDPJ18
EQ_123,item,category,serial,status,location,purchased,price,seller,notes
EQ_124,NEEWER Mini Matte Box with Two 4"x5.65" Filter Trays, 4 Circular Lens Adapters, Carbon Fiber Top Flag, Compatible with SmallRig Accessory Compatible with K&F NISI TIFFEN NEEWER Cinema Filter, PG002,rigging,,active,studio,2025-06-30,62.99,shenzhenyinyukejiyouxiangongsi,
EQ_125,NEEWER Mini Matte Box with Two 4"x5.65" Filter Trays, 4 Circular Lens Adapters, Carbon Fiber Top Flag, Compatible with SmallRig Accessory Compatible with K&F NISI TIFFEN NEEWER Cinema Filter, PG002,rigging,,active,studio,2025-06-30,62.99,shenzhenyinyukejiyouxiangongsi,
EQ_126,camera		camera		studio	2025-06-24	49.99	Shenzhenshi Xingqier Dianzi Shangwu Youxiangongsi	K&F Concept 64 inch/163cm Camera Tripod, Lightweight Aluminum Travel Outdoor Tripod with Ball Head Load Capacity 8kg, Phone Holder, for DSLR Cameras O2341A1+BH-36 | B0B1HYVVTV,,,,,,,,REVIEW - could not split, check by hand
EQ_127,item,category,serial,status,location,purchased,price,seller,notes
EQ_128,Amazon Basics Shoulder Bag for SLR Camera and Accessories Large Adjustable Strap Waterproof Shockproof Solid Padded - Black Orange camera studio active 2025-06-19 24.43 Amazon EU S.à r.l., UK Branch,,,,,,,,REVIEW - could not split, check by hand
EQ_129,SanDisk Extreme PRO 128GB SDXC UHS-II card, up to 300 MB/s read speeds, 300 MB/s write speeds, V90, Pro-level performance enables cinema-quality 8K video recording,camera,,active,studio,2025-06-19,132.99,Amazon EU S.à r.l., UK Branch   ASIN: B0DLWTWM4R,
EQ_130,Professional Camera Cleaning Kit with Blowing Bottle cleaning solution lens cleaning PEN cleaning brush cleaning swabs cleaning cloth gloves in a Storage Box camera studio active 2025-06-19 12.99 shen zhen shi bai ze zhuo ke ji you xian gong si,,,,,,,,REVIEW - could not split, check by hand
EQ_131,item,YOUSHARES Interview Handle for DJI Mic Mini - Interview GO Handheld category,other,serial,,location,studio,purchased,15.06.2025,price,15.83,seller,Shenzhenshi Xinqidian Keji Youxiangongsi,notes,
EQ_132,USB C to HDMI Adapter,camera,,active,studio,2025-01-05,6.47,Shenzhen shi Yichuangwei keji youxian gongsi USB C to HDMI A,dapter Type c to HDMI 4K Adapter Thunderbolt 3 Compatible with Video Audio Output for iPhone 15 MacBook Pro 2018/2017/2016 Samsung Note 9/S9/Note 8/S8 Huawei Mate 20 and More
EQ_133,item,category,serial,status,location,purchased,price,seller,notes
EQ_134,item,category,serial,status,location,purchased,price,seller,notes
EQ_135,item,RUXELY 6.35mm TRS Instrument Cable 1M 2-Pack,Right Angle 90 Degree 1/4 Inch Male Jack Stereo Audio Cord,6.35 Balanced Line Lead for Electric Guitar,Bass,Keyboard,Mixer,Amplifier,Speaker,Equalizer category,other serial,status,location,purchased,price,seller,notes
EQ_136,RUXELY 6.35mm TRS Instrument Cable 1M 2-Pack audio other active studio 09.01.2026 12.99 guang zhou jie long mao yi you xian gong si,,,,,,,,REVIEW - could not split, check by hand
EQ_137,item,RUXELY 6.35mm TRS Instrument Cable 1M 2-Pack,Right Angle 90 Degree 1/4 Inch Male Jack Stereo Audio Cord,6.35 Balanced Line Lead for Electric Guitar,Bass,Keyboard,Mixer,Amplifie r/AMP,Speaker,Equalizer category,audio serial, status,location,purchased,price,seller,notes
EQ_138,item,category,serial,status,location,purchased,price,seller,notes
EQ_139,camera    camera    blank    active    studio    2024-03-09    19.99    Xin TeNeng Electronics Technology (Shenzhen) Co.,Ltd    PowerTrust 2-Pack LP-E12 Battery with LP E12 Battery Charger for Canon EOS M50, M50 Mark II, M2, M100, 100D, D6 DSLR, PowerShot SX60 HS, SX70 HS
EQ_140,item,category,serial,status,location,purchased,price,seller,notes
EQ_141,HP DeskJet 2720e All-in-One Colour Printer with 6 months of instant Ink with HP+, White,computer,,active,studio,2023-11-25,40.87,Amazon EU S.à r.l., UK Branch 1 Principal Place, Worship Str,eet, London, EC2A 2FA, GB
EQ_142,item,category,serial,status,location,purchased,price,seller,notes
EQ_143,Wireless Display Adapter 4K 1080P HDMI WiFi Mobile Screen Mirroring Receiver other 2024-04-28 2024-04-28 15.99 XINRONG JIANG LTD active studio,,,,,,,,REVIEW - could not split, check by hand
